Workbook

Sheet Flujos
A1: ID_distribuidor | B1: Distribuidor | C1: País
A2: 1 | B2: TDB | C2: Brasil
A3: 2 | B3: TCL | C3: Chile
A4: 3 | B4: Toyotoshi | C4: Paraguay
A5: 4 | B5: Ayax | C5: Uruguay
A6: 5 | B6: Toyosa | C6: Bolivia

Sheet Modelos
A1: Modelos
A2: Hilux
A3: Fortuner
A4: Corolla Cross
A5: Corolla
A6: Yaris
A7: Hiace
A8: GR86

Sheet Parte
A1: Parte del vehículo
A2: Paragolpe delantero
A3: Paragolpe trasero
A4: Guardabarro delantero derecho
A5: Guardabarro delantero izquierdo
A6: Guardabarro trasero derecho
A7: Guardabarro trasero izquierdo
A8: Capot
A9: Parrilla
A10: Espejo exterior derecho
A11: Espejo exterior izquierdo
A12: Parabrisas delantero
... A31: Interior caja pick-up (Hilux)

Sheet Tipo daño
A1: Tipo de daño
A2: Rayado
A3: Abollado
A4: Mellado
A5: Filo de panel
A6: Fallo de pintura
A7: Roto
A8: Doblado
A9: Faltante
A10: Desprendido
A11: Cortado

Sheet Unidades
A1: ID_VIN | B1: Equipo | C1: Flujo | D1: País | E1: Modelo | F1: Secuencia | G1: Fecha de carga
A2: 8AJAKH1Z6CPAHTAGY | B2: 4774 | C2: TDB | D2: Brasil | E2: Corolla | F2: 4 | G2: 2025-01-16
A3: 8AJK52FPKH2DNMMJB | B3: 4219 | C3: Toyosa | D3: Bolivia | E3: Yaris | F3: 2 | G3: 2024-12-11
A4: 8AJV4X5W0BHKCHDKX | B4: 3553 | C4: TDB | D4: Brasil | E4: Fortuner | F4: 6 | G4: 2024-11-29
A5: 8AJZ0ZCXUJSJ7ZHL2 | B5: 1333 | C5: TCL | D5: Chile | E5: Fortuner | F5: 1 | G5: 2024-11-09
A6: 8AJJG85LYP7SJJVJW | B6: 5107 | C6: Ayax | D6: Uruguay | E6: Corolla | F6: 6 | G6: 2024-09-21
A7: 8AJTDBDX3PCN9U95A | B7: 1777 | C7: TCL | D7: Chile | E7: Hiace | F7: 5 | G7: 2024-11-22
A8: 8AJKFA0092TDX4TGN | B8: 2110 | C8: TDB | D8: Brasil | E8: Yaris | F8: 1 | G8: 2024-11-13
A9: 8AJA754LB58CTC22E | B9: 4330 | C9: Ayax | D9: Uruguay | E9: Yaris | F9: 3 | G9: 2024-10-14
A10: 8AJ5PGU1GL9YRUDHM | B10: 5107 | C10: Toyosa | D10: Bolivia | E10: Yaris | F10: 4 | G10: 2024-09-21
A11: 8AJCXH65CHZHE7VS2 | B11: 3886 | C11: TDB | D11: Brasil | E11: Fortuner | F11: 2 | G11: 2024-07-20
A12: 8AJMP5BYYC13DGUEG | B12: 4219 | C12: Ayax | D12: Uruguay | E12: Fortuner | F12: 2 | G12: 2025-01-13
A13: 8AJDYUAD1HPS56FAN | B13: 4219 | C13: Toyosa | D13: Bolivia | E13: Corolla Cross | F13: 7 | G13: 2025-03-12
... A201: 8AJ4VL1VHG0Z7E09F | B201: 4774 | C201: Toyotoshi | D201: Paraguay | E201: Hiace | F201: 6 | G201: 2024-07-30

Sheet Inspecciones
A1: ID_Inspección | B1: ID_VIN | C1: Fecha de inspección | D1: Parte del vehículo | E1: Tipo de daño | F1: Cuadrante | G1: Comentario | H1: Foto del daño (ruta) | I1: Firma inspector (ruta)
A2: 89fbae8e | B2: 8AJAKH1Z6CPAHTAGY | C2: 2025-01-16 | D2: Optica trasera derecha | E2: Rayado | F2: 8 | H2: images/89fbae8e_foto.jpg | I2: images/89fbae8e_firma.png
A3: 02a3c244 | B3: 8AJAKH1Z6CPAHTAGY | C3: 2025-01-16 | D3: Pilar delantero izquierdo | E3: Rayado | F3: 4 | H3: images/02a3c244_foto.jpg | I3: images/02a3c244_firma.png
A4: 0d1dbdb8 | B4: 8AJK52FPKH2DNMMJB | C4: 2024-12-11 | D4: Parrilla | E4: Desprendido | F4: 4 | G4: Requiere seguimiento | H4: images/0d1dbdb8_foto.jpg | I4: images/0d1dbdb8_firma.png
A5: ae6ff580 | B5: 8AJK52FPKH2DNMMJB | C5: 2024-12-11 | D5: Espejo exterior derecho | E5: Filo de panel | F5: 9 | G5: Revisar | H5: images/ae6ff580_foto.jpg | I5: images/ae6ff580_firma.png
A6: ebac89cf | B6: 8AJV4X5W0BHKCHDKX | C6: 2024-11-29 | D6: Espejo exterior izquierdo | E6: Faltante | F6: 2 | G6: Requiere seguimiento | H6: images/ebac89cf_foto.jpg | I6: images/ebac89cf_firma.png
A7: 1fb10442 | B7: 8AJV4X5W0BHKCHDKX | C7: 2024-11-29 | D7: Pilar trasero derecho | E7: Fallo de pintura | F7: 0 | H7: images/1fb10442_foto.jpg | I7: images/1fb10442_firma.png
A8: e0e9cad4 | B8: 8AJZ0ZCXUJSJ7ZHL2 | C8: 2024-11-09 | D8: Pilar delantero derecho | E8: Cortado | F8: 8 | H8: images/e0e9cad4_foto.jpg | I8: images/e0e9cad4_firma.png
A9: 8f8c2865 | B9: 8AJTDBDX3PCN9U95A | C9: 2024-11-22 | D9: Pilar trasero izquierdo | E9: Filo de panel | F9: 5 | H9: images/8f8c2865_foto.jpg | I9: images/8f8c2865_firma.png
A10: 53c8fdf0 | B10: 8AJTDBDX3PCN9U95A | C10: 2024-11-22 | D10: Puerta trasera derecha | E10: Roto | F10: 7 | H10: images/53c8fdf0_foto.jpg | I10: images/53c8fdf0_firma.png
A11: 99fa5ef6 | B11: 8AJKFA0092TDX4TGN | C11: 2024-11-13 | D11: Estribo lateral izquierdo | E11: Fallo de pintura | F11: 0 | G11: Leve | H11: images/99fa5ef6_foto.jpg | I11: images/99fa5ef6_firma.png
A12: d5c70e38 | B12: 8AJKFA0092TDX4TGN | C12: 2024-11-13 | D12: Guardabarro delantero izquierdo | E12: Mellado | F12: 8 | G12: Leve | H12: images/d5c70e38_foto.jpg | I12: images/d5c70e38_firma.png
A13: 01acd618 | B13: 8AJKFA0092TDX4TGN | C13: 2024-11-13 | D13: Puerta trasera izquierda | E13: Doblado | F13: 1 | G13: Requiere seguimiento | H13: images/01acd618_foto.jpg | I13: images/01acd618_firma.png
A14: 0b01241d | B14: 8AJA754LB58CTC22E | C14: 2024-10-14 | D14: Interior caja pick-up (Hilux) | E14: Fallo de pintura | F14: 6 | G14: Revisar | H14: images/0b01241d_foto.jpg | I14: images/0b01241d_firma.png
A15: 765610b1 | B15: 8AJA754LB58CTC22E | C15: 2024-10-14 | D15: Zócalo lateral derecho | E15: Cortado | F15: 0 | G15: Requiere seguimiento | H15: images/765610b1_foto.jpg | I15: images/765610b1_firma.png
A16: 584a94e6 | B16: 8AJ5PGU1GL9YRUDHM | C16: 2024-09-21 | D16: Pilar delantero izquierdo | E16: Rayado | F16: 7 | H16: images/584a94e6_foto.jpg | I16: images/584a94e6_firma.png
A17: 826c8f2a | B17: 8AJ5PGU1GL9YRUDHM | C17: 2024-09-21 | D17: Interior caja pick-up (Hilux) | E17: Roto | F17: 0 | G17: Leve | H17: images/826c8f2a_foto.jpg | I17: images/826c8f2a_firma.png
A18: 2096813b | B18: 8AJCXH65CHZHE7VS2 | C18: 2024-07-20 | D18: Zócalo lateral derecho | E18: Roto | F18: 3 | G18: Revisar | H18: images/2096813b_foto.jpg | I18: images/2096813b_firma.png
A19: ed22941a | B19: 8AJCXH65CHZHE7VS2 | C19: 2024-07-20 | D19: Llantas | E19: Rayado | F19: 8 | G19: Revisar | H19: images/ed22941a_foto.jpg | I19: images/ed22941a_firma.png
A20: a1a439f5 | B20: 8AJCXH65CHZHE7VS2 | C20: 2024-07-20 | D20: Puerta trasera derecha | E20: Filo de panel | F20: 1 | H20: images/a1a439f5_foto.jpg | I20: images/a1a439f5_firma.png
A21: e5794995 | B21: 8AJMP5BYYC13DGUEG | C21: 2025-01-13 | D21: Parabrisas delantero | E21: Doblado | F21: 2 | H21: images/e5794995_foto.jpg | I21: images/e5794995_firma.png
A22: cba45a57 | B22: 8AJDYUAD1HPS56FAN | C22: 2025-03-12 | D22: Optica trasera izquierda | E22: Roto | F22: 4 | G22: Revisar | H22: images/cba45a57_foto.jpg | I22: images/cba45a57_firma.png
A23: 29dd284e | B23: 8AJFK8WU1BWT5F8CG | C23: 2024-12-24 | D23: Guardabarro delantero derecho | E23: Abollado | F23: 0 | G23: Leve | H23: images/29dd284e_foto.jpg | I23: images/29dd284e_firma.png
A24: d9c304e8 | B24: 8AJ8VWBCYVLJZLJEY | C24: 2024-06-05 | D24: Puerta delantera izquierda | E24: Mellado | F24: 5 | G24: Revisar | H24: images/d9c304e8_foto.jpg | I24: images/d9c304e8_firma.png
A25: b47868ad | B25: 8AJJ61FKGMZ5TJ6BX | C25: 2024-11-18 | D25: Pilar delantero derecho | E25: Cortado | F25: 2 | G25: Leve | H25: images/b47868ad_foto.jpg | I25: images/b47868ad_firma.png
A26: 2299d2bf | B26: 8AJJ61FKGMZ5TJ6BX | C26: 2024-11-18 | D26: Paragolpe trasero | E26: Filo de panel | F26: 7 | H26: images/2299d2bf_foto.jpg | I26: images/2299d2bf_firma.png
A27: 03e5770f | B27: 8AJZZMV5917HF3FPF | C27: 2024-10-06 | D27: Parabrisas delantero | E27: Abollado | F27: 8 | G27: Requiere seguimiento | H27: images/03e5770f_foto.jpg | I27: images/03e5770f_firma.png
A28: d482a5ad | B28: 8AJF0NBSG7M45HYPK | C28: 2024-11-27 | D28: Estribo lateral derecho | E28: Fallo de pintura | F28: 6 | H28: images/d482a5ad_foto.jpg | I28: images/d482a5ad_firma.png
A29: 85d77982 | B29: 8AJF0NBSG7M45HYPK | C29: 2024-11-27 | D29: Guardabarro trasero izquierdo | E29: Filo de panel | F29: 1 | G29: Leve | H29: images/85d77982_foto.jpg | I29: images/85d77982_firma.png
A30: 325b13cb | B30: 8AJP9U7D9F8JDR1LX | C30: 2025-03-23 | D30: Techo | E30: Faltante | F30: 7 | H30: images/325b13cb_foto.jpg | I30: images/325b13cb_firma.png
A31: a632928e | B31: 8AJJ0A7U01ZNCYLL4 | C31: 2024-12-27 | D31: Guardabarro trasero derecho | E31: Rayado | F31: 2 | H31: images/a632928e_foto.jpg | I31: images/a632928e_firma.png
A32: 86faebdf | B32: 8AJPKEP8Z6XKVAKRW | C32: 2025-01-13 | D32: Capot | E32: Faltante | F32: 9 | G32: Revisar | H32: images/86faebdf_foto.jpg | I32: images/86faebdf_firma.png
A33: d2d9cd2a | B33: 8AJPKEP8Z6XKVAKRW | C33: 2025-01-13 | D33: Espejo exterior derecho | E33: Mellado | F33: 5 | G33: Revisar | H33: images/d2d9cd2a_foto.jpg | I33: images/d2d9cd2a_firma.png
A34: 916208ea | B34: 8AJPKEP8Z6XKVAKRW | C34: 2025-01-13 | D34: Pilar delantero izquierdo | E34: Mellado | F34: 9 | H34: images/916208ea_foto.jpg | I34: images/916208ea_firma.png
A35: 9e8c1ae8 | B35: 8AJPXGZTJYA12DRF8 | C35: 2025-03-13 | D35: Paragolpe delantero | E35: Doblado | F35: 8 | G35: Revisar | H35: images/9e8c1ae8_foto.jpg | I35: images/9e8c1ae8_firma.png
A36: 5083cc69 | B36: 8AJPXGZTJYA12DRF8 | C36: 2025-03-13 | D36: Zócalo lateral derecho | E36: Cortado | F36: 1 | G36: Revisar | H36: images/5083cc69_foto.jpg | I36: images/5083cc69_firma.png
A37: 273d4e63 | B37: 8AJPXGZTJYA12DRF8 | C37: 2025-03-13 | D37: Puerta trasera izquierda | E37: Rayado | F37: 9 | G37: Leve | H37: images/273d4e63_foto.jpg | I37: images/273d4e63_firma.png
A38: b552a4d6 | B38: 8AJPUPGP6WZ52NAM1 | C38: 2025-02-05 | D38: Optica delantera derecha | E38: Cortado | F38: 4 | G38: Requiere seguimiento | H38: images/b552a4d6_foto.jpg | I38: images/b552a4d6_firma.png
A39: 6388287f | B39: 8AJPUPGP6WZ52NAM1 | C39: 2025-02-05 | D39: Llantas | E39: Roto | F39: 6 | G39: Requiere seguimiento | H39: images/6388287f_foto.jpg | I39: images/6388287f_firma.png
A40: 13cf18cc | B40: 8AJJLSM6K8P4S1B8H | C40: 2024-06-16 | D40: Puerta delantera derecha | E40: Rayado | F40: 2 | G40: Revisar | H40: images/13cf18cc_foto.jpg | I40: images/13cf18cc_firma.png
A41: f012e613 | B41: 8AJJLSM6K8P4S1B8H | C41: 2024-06-16 | D41: Guardabarro delantero derecho | E41: Cortado | F41: 0 | G41: Requiere seguimiento | H41: images/f012e613_foto.jpg | I41: images/f012e613_firma.png
A42: 6f98b9fd | B42: 8AJJLSM6K8P4S1B8H | C42: 2024-06-16 | D42: Puerta delantera izquierda | E42: Faltante | F42: 7 | H42: images/6f98b9fd_foto.jpg | I42: images/6f98b9fd_firma.png
A43: c4098320 | B43: 8AJZ8P0CZXD25WD92 | C43: 2024-12-07 | D43: Parrilla | E43: Rayado | F43: 2 | H43: images/c4098320_foto.jpg | I43: images/c4098320_firma.png
A44: fc5698b1 | B44: 8AJZ8P0CZXD25WD92 | C44: 2024-12-07 | D44: Guardabarro delantero derecho | E44: Desprendido | F44: 4 | G44: Requiere seguimiento | H44: images/fc5698b1_foto.jpg | I44: images/fc5698b1_firma.png
A45: e5f493e9 | B45: 8AJTM54D8X40R18J3 | C45: 2025-01-25 | D45: Espejo exterior derecho | E45: Mellado | F45: 6 | G45: Leve | H45: images/e5f493e9_foto.jpg | I45: images/e5f493e9_firma.png
A46: 114fcfed | B46: 8AJTM54D8X40R18J3 | C46: 2025-01-25 | D46: Llantas | E46: Fallo de pintura | F46: 7 | G46: Revisar | H46: images/114fcfed_foto.jpg | I46: images/114fcfed_firma.png
A47: ccf77901 | B47: 8AJ4WLJ7KR1VZMTLT | C47: 2024-11-22 | D47: Guardabarro delantero derecho | E47: Doblado | F47: 3 | G47: Requiere seguimiento | H47: images/ccf77901_foto.jpg | I47: images/ccf77901_firma.png
A48: c658b446 | B48: 8AJ60KA8C0T2ZYT3D | C48: 2024-11-04 | D48: Zócalo lateral derecho | E48: Roto | F48: 1 | G48: Leve | H48: images/c658b446_foto.jpg | I48: images/c658b446_firma.png
A49: e75e4fae | B49: 8AJ60KA8C0T2ZYT3D | C49: 2024-11-04 | D49: Techo | E49: Filo de panel | F49: 3 | G49: Requiere seguimiento | H49: images/e75e4fae_foto.jpg | I49: images/e75e4fae_firma.png
A50: d5c11f70 | B50: 8AJN6KWRVB8D2XJCH | C50: 2024-06-02 | D50: Pilar trasero derecho | E50: Desprendido | F50: 0 | G50: Revisar | H50: images/d5c11f70_foto.jpg | I50: images/d5c11f70_firma.png
A51: 55ee942c | B51: 8AJN6KWRVB8D2XJCH | C51: 2024-06-02 | D51: Estribo lateral derecho | E51: Fallo de pintura | F51: 6 | H51: images/55ee942c_foto.jpg | I51: images/55ee942c_firma.png
A52: 286f05dc | B52: 8AJRWKH00RZ72XY7R | C52: 2024-10-15 | D52: Optica trasera izquierda | E52: Abollado | F52: 8 | G52: Revisar | H52: images/286f05dc_foto.jpg | I52: images/286f05dc_firma.png
A53: 50a615d2 | B53: 8AJRWKH00RZ72XY7R | C53: 2024-10-15 | D53: Espejo exterior derecho | E53: Filo de panel | F53: 4 | G53: Revisar | H53: images/50a615d2_foto.jpg | I53: images/50a615d2_firma.png
A54: 5266c567 | B54: 8AJCFL1VKEZ08TTCB | C54: 2024-10-07 | D54: Llantas | E54: Mellado | F54: 9 | G54: Requiere seguimiento | H54: images/5266c567_foto.jpg | I54: images/5266c567_firma.png
A55: 3143662f | B55: 8AJCFL1VKEZ08TTCB | C55: 2024-10-07 | D55: Guardabarro trasero derecho | E55: Faltante | F55: 0 | H55: images/3143662f_foto.jpg | I55: images/3143662f_firma.png
A56: 62ea8574 | B56: 8AJCFL1VKEZ08TTCB | C56: 2024-10-07 | D56: Pilar trasero derecho | E56: Cortado | F56: 0 | G56: Revisar | H56: images/62ea8574_foto.jpg | I56: images/62ea8574_firma.png
A57: 1234d1b4 | B57: 8AJCFL1VKEZ08TTCB | C57: 2024-10-07 | D57: Optica delantera derecha | E57: Desprendido | F57: 8 | H57: images/1234d1b4_foto.jpg | I57: images/1234d1b4_firma.png
A58: 65a99a8f | B58: 8AJD84V89ZJB1SY7F | C58: 2024-07-17 | D58: Espejo exterior izquierdo | E58: Roto | F58: 5 | G58: Requiere seguimiento | H58: images/65a99a8f_foto.jpg | I58: images/65a99a8f_firma.png
A59: c7197fda | B59: 8AJMLZ5LZK83VSLL9 | C59: 2025-03-05 | D59: Interior caja pick-up (Hilux) | E59: Roto | F59: 6 | G59: Requiere seguimiento | H59: images/c7197fda_foto.jpg | I59: images/c7197fda_firma.png
A60: 6e155ab9 | B60: 8AJPGM1X2GV7R0E9X | C60: 2024-11-07 | D60: Optica delantera izquierda | E60: Fallo de pintura | F60: 7 | H60: images/6e155ab9_foto.jpg | I60: images/6e155ab9_firma.png
A61: 872d234b | B61: 8AJAPH4D8YF7K0PSS | C61: 2024-12-14 | D61: Zócalo lateral derecho | E61: Abollado | F61: 3 | H61: images/872d234b_foto.jpg | I61: images/872d234b_firma.png
A62: 61e70c8f | B62: 8AJAPH4D8YF7K0PSS | C62: 2024-12-14 | D62: Guardabarro delantero izquierdo | E62: Fallo de pintura | F62: 9 | H62: images/61e70c8f_foto.jpg | I62: images/61e70c8f_firma.png
A63: 63b72820 | B63: 8AJSL2N759HN5PLS7 | C63: 2025-02-09 | D63: Optica delantera derecha | E63: Roto | F63: 7 | G63: Revisar | H63: images/63b72820_foto.jpg | I63: images/63b72820_firma.png
A64: f847fb29 | B64: 8AJSL2N759HN5PLS7 | C64: 2025-02-09 | D64: Puerta delantera izquierda | E64: Cortado | F64: 6 | G64: Leve | H64: images/f847fb29_foto.jpg | I64: images/f847fb29_firma.png
A65: a8e73146 | B65: 8AJSL2N759HN5PLS7 | C65: 2025-02-09 | D65: Guardabarro trasero derecho | E65: Fallo de pintura | F65: 0 | H65: images/a8e73146_foto.jpg | I65: images/a8e73146_firma.png
A66: c248b7c4 | B66: 8AJE8LD4D7AE59C2J | C66: 2024-07-12 | D66: Zócalo lateral izquierdo | E66: Doblado | F66: 4 | G66: Leve | H66: images/c248b7c4_foto.jpg | I66: images/c248b7c4_firma.png
A67: 6862b664 | B67: 8AJYSZ6SKVC89K8ZS | C67: 2025-02-03 | D67: Optica trasera derecha | E67: Filo de panel | F67: 8 | G67: Leve | H67: images/6862b664_foto.jpg | I67: images/6862b664_firma.png
A68: a4bc6d24 | B68: 8AJHVV9K9YKVZ1BXT | C68: 2024-11-28 | D68: Puerta delantera izquierda | E68: Faltante | F68: 9 | G68: Revisar | H68: images/a4bc6d24_foto.jpg | I68: images/a4bc6d24_firma.png
A69: 49300821 | B69: 8AJHVV9K9YKVZ1BXT | C69: 2024-11-28 | D69: Espejo exterior derecho | E69: Mellado | F69: 7 | G69: Requiere seguimiento | H69: images/49300821_foto.jpg | I69: images/49300821_firma.png
A70: c75b01c2 | B70: 8AJ4X7KZHRHM9N6YB | C70: 2025-01-19 | D70: Espejo exterior derecho | E70: Doblado | F70: 1 | G70: Leve | H70: images/c75b01c2_foto.jpg | I70: images/c75b01c2_firma.png
A71: 3ddd1c3c | B71: 8AJYYWA2JEVC2GH5L | C71: 2024-10-20 | D71: Optica trasera izquierda | E71: Filo de panel | F71: 0 | H71: images/3ddd1c3c_foto.jpg | I71: images/3ddd1c3c_firma.png
A72: c8f7a45a | B72: 8AJ9U3D5EM3WAJEPD | C72: 2024-12-03 | D72: Paragolpe trasero | E72: Desprendido | F72: 8 | H72: images/c8f7a45a_foto.jpg | I72: images/c8f7a45a_firma.png
A73: 3ed31a52 | B73: 8AJEEXW0NWKTR3DY5 | C73: 2025-01-07 | D73: Espejo exterior derecho | E73: Cortado | F73: 1 | G73: Revisar | H73: images/3ed31a52_foto.jpg | I73: images/3ed31a52_firma.png
A74: 00c79512 | B74: 8AJ6P4P1LLJ8ZSDCR | C74: 2025-03-12 | D74: Guardabarro delantero derecho | E74: Cortado | F74: 5 | G74: Requiere seguimiento | H74: images/00c79512_foto.jpg | I74: images/00c79512_firma.png
A75: 05281758 | B75: 8AJ6P4P1LLJ8ZSDCR | C75: 2025-03-12 | D75: Puerta delantera izquierda | E75: Roto | F75: 7 | G75: Requiere seguimiento | H75: images/05281758_foto.jpg | I75: images/05281758_firma.png
A76: 52e774b3 | B76: 8AJN2V3494XYA74JF | C76: 2024-06-04 | D76: Guardabarro trasero izquierdo | E76: Desprendido | F76: 5 | H76: images/52e774b3_foto.jpg | I76: images/52e774b3_firma.png
A77: b4de8124 | B77: 8AJN2V3494XYA74JF | C77: 2024-06-04 | D77: Espejo exterior derecho | E77: Desprendido | F77: 5 | G77: Revisar | H77: images/b4de8124_foto.jpg | I77: images/b4de8124_firma.png
A78: 620dc3ba | B78: 8AJBCRPXPHTMDZWUL | C78: 2024-06-04 | D78: Estribo lateral izquierdo | E78: Doblado | F78: 3 | G78: Leve | H78: images/620dc3ba_foto.jpg | I78: images/620dc3ba_firma.png
A79: c24651a0 | B79: 8AJKGEJLA1FN0T43C | C79: 2025-01-22 | D79: Guardabarro trasero derecho | E79: Mellado | F79: 0 | H79: images/c24651a0_foto.jpg | I79: images/c24651a0_firma.png
A80: 130a6799 | B80: 8AJKGEJLA1FN0T43C | C80: 2025-01-22 | D80: Paragolpe trasero | E80: Roto | F80: 3 | G80: Leve | H80: images/130a6799_foto.jpg | I80: images/130a6799_firma.png
A81: 0eaed7a5 | B81: 8AJ5WV0PDAL3X47C4 | C81: 2025-02-24 | D81: Zócalo lateral derecho | E81: Doblado | F81: 5 | G81: Requiere seguimiento | H81: images/0eaed7a5_foto.jpg | I81: images/0eaed7a5_firma.png
A82: 098bd138 | B82: 8AJ5WV0PDAL3X47C4 | C82: 2025-02-24 | D82: Guardabarro delantero izquierdo | E82: Filo de panel | F82: 8 | G82: Revisar | H82: images/098bd138_foto.jpg | I82: images/098bd138_firma.png
A83: 3a2b61a5 | B83: 8AJF2C8XSVWZ6Y9L9 | C83: 2024-07-05 | D83: Optica trasera izquierda | E83: Doblado | F83: 1 | H83: images/3a2b61a5_foto.jpg | I83: images/3a2b61a5_firma.png
A84: 88a89ee8 | B84: 8AJRKKBTLRB4C55XT | C84: 2025-01-17 | D84: Parabrisas delantero | E84: Roto | F84: 6 | G84: Requiere seguimiento | H84: images/88a89ee8_foto.jpg | I84: images/88a89ee8_firma.png
A85: 6b993ce4 | B85: 8AJRKKBTLRB4C55XT | C85: 2025-01-17 | D85: Optica trasera izquierda | E85: Faltante | F85: 6 | H85: images/6b993ce4_foto.jpg | I85: images/6b993ce4_firma.png
A86: f98f443d | B86: 8AJYLSECD6M0TFJRR | C86: 2024-12-04 | D86: Paragolpe delantero | E86: Fallo de pintura | F86: 8 | G86: Leve | H86: images/f98f443d_foto.jpg | I86: images/f98f443d_firma.png
A87: 8e205259 | B87: 8AJYLSECD6M0TFJRR | C87: 2024-12-04 | D87: Parrilla | E87: Fallo de pintura | F87: 4 | H87: images/8e205259_foto.jpg | I87: images/8e205259_firma.png
A88: 931577eb | B88: 8AJ7N2ZBXMLVNJ58W | C88: 2025-03-26 | D88: Pilar delantero izquierdo | E88: Abollado | F88: 9 | G88: Requiere seguimiento | H88: images/931577eb_foto.jpg | I88: images/931577eb_firma.png
A89: b910c5d6 | B89: 8AJ7LYYE0CVYLE089 | C89: 2025-02-16 | D89: Pilar trasero derecho | E89: Abollado | F89: 3 | G89: Requiere seguimiento | H89: images/b910c5d6_foto.jpg | I89: images/b910c5d6_firma.png
A90: 90c64082 | B90: 8AJAL8M2G9FK3TU1U | C90: 2024-12-10 | D90: Estribo lateral derecho | E90: Filo de panel | F90: 2 | H90: images/90c64082_foto.jpg | I90: images/90c64082_firma.png
A91: affc916c | B91: 8AJAL8M2G9FK3TU1U | C91: 2024-12-10 | D91: Guardabarro trasero derecho | E91: Mellado | F91: 5 | H91: images/affc916c_foto.jpg | I91: images/affc916c_firma.png
A92: b8466bc7 | B92: 8AJF423FRPZHRK1RU | C92: 2024-09-08 | D92: Capot | E92: Faltante | F92: 6 | G92: Requiere seguimiento | H92: images/b8466bc7_foto.jpg | I92: images/b8466bc7_firma.png
A93: 8f8346a9 | B93: 8AJZVR22TPFGW5BSN | C93: 2024-10-24 | D93: Guardabarro delantero izquierdo | E93: Doblado | F93: 6 | H93: images/8f8346a9_foto.jpg | I93: images/8f8346a9_firma.png
A94: 5904f9f7 | B94: 8AJ2K6ER8HRMABTH9 | C94: 2024-11-11 | D94: Guardabarro trasero derecho | E94: Faltante | F94: 0 | H94: images/5904f9f7_foto.jpg | I94: images/5904f9f7_firma.png
A95: cd10fedd | B95: 8AJHEHYXC4TUXV0KA | C95: 2024-09-04 | D95: Paragolpe delantero | E95: Roto | F95: 1 | H95: images/cd10fedd_foto.jpg | I95: images/cd10fedd_firma.png
A96: 0383847b | B96: 8AJUM8U2TA5BNN1MC | C96: 2025-03-25 | D96: Guardabarro trasero derecho | E96: Rayado | F96: 6 | G96: Leve | H96: images/0383847b_foto.jpg | I96: images/0383847b_firma.png
A97: 8403b47f | B97: 8AJEMMY4Z9SGE08BG | C97: 2024-11-06 | D97: Guardabarro delantero derecho | E97: Doblado | F97: 4 | G97: Requiere seguimiento | H97: images/8403b47f_foto.jpg | I97: images/8403b47f_firma.png
A98: dad0da36 | B98: 8AJEMMY4Z9SGE08BG | C98: 2024-11-06 | D98: Puerta trasera izquierda | E98: Abollado | F98: 5 | G98: Revisar | H98: images/dad0da36_foto.jpg | I98: images/dad0da36_firma.png
A99: d8287e03 | B99: 8AJEMMY4Z9SGE08BG | C99: 2024-11-06 | D99: Estribo lateral derecho | E99: Fallo de pintura | F99: 5 | G99: Revisar | H99: images/d8287e03_foto.jpg | I99: images/d8287e03_firma.png
A100: 255a3f8c | B100: 8AJP3SBYK5BYK3RPR | C100: 2025-02-10 | D100: Puerta delantera izquierda | E100: Fallo de pintura | F100: 6 | H100: images/255a3f8c_foto.jpg | I100: images/255a3f8c_firma.png
...

Sheet Listado total Precarga
A1: ID_Inspección | B1: ID_VIN | C1: Modelo | D1: Secuencia | E1: Fecha de carga | F1: Equipo | G1: Destino | H1: Parte del vehículo | I1: Tipo de daño | J1: Cuadrante | K1: Comentario
A2: =Inspecciones!A2 | B2: =Inspecciones!B2 | C2: =IFERROR(VLOOKUP(B2,Unidades!A:G,5,FALSE),"") | D2: =IFERROR(VLOOKUP(B2,Unidades!A:G,6,FALSE),"") | E2: =IFERROR(VLOOKUP(B2,Unidades!A:G,7,FALSE),"") | F2: =IFERROR(VLOOKUP(B2,Unidades!A:G,2,FALSE),"") | G2: =IFERROR(VLOOKUP(B2,Unidades!A:G,4,FALSE),"") | H2: =Inspecciones!D2 | I2: =Inspecciones!E2 | J2: =Inspecciones!F2 | K2: =Inspecciones!G2
A3: =Inspecciones!A3 | B3: =Inspecciones!B3 | C3: =IFERROR(VLOOKUP(B3,Unidades!A:G,5,FALSE),"") | D3: =IFERROR(VLOOKUP(B3,Unidades!A:G,6,FALSE),"") | E3: =IFERROR(VLOOKUP(B3,Unidades!A:G,7,FALSE),"") | F3: =IFERROR(VLOOKUP(B3,Unidades!A:G,2,FALSE),"") | G3: =IFERROR(VLOOKUP(B3,Unidades!A:G,4,FALSE),"") | H3: =Inspecciones!D3 | I3: =Inspecciones!E3 | J3: =Inspecciones!F3 | K3: =Inspecciones!G3
A4: =Inspecciones!A4 | B4: =Inspecciones!B4 | C4: =IFERROR(VLOOKUP(B4,Unidades!A:G,5,FALSE),"") | D4: =IFERROR(VLOOKUP(B4,Unidades!A:G,6,FALSE),"") | E4: =IFERROR(VLOOKUP(B4,Unidades!A:G,7,FALSE),"") | F4: =IFERROR(VLOOKUP(B4,Unidades!A:G,2,FALSE),"") | G4: =IFERROR(VLOOKUP(B4,Unidades!A:G,4,FALSE),"") | H4: =Inspecciones!D4 | I4: =Inspecciones!E4 | J4: =Inspecciones!F4 | K4: =Inspecciones!G4
A5: =Inspecciones!A5 | B5: =Inspecciones!B5 | C5: =IFERROR(VLOOKUP(B5,Unidades!A:G,5,FALSE),"") | D5: =IFERROR(VLOOKUP(B5,Unidades!A:G,6,FALSE),"") | E5: =IFERROR(VLOOKUP(B5,Unidades!A:G,7,FALSE),"") | F5: =IFERROR(VLOOKUP(B5,Unidades!A:G,2,FALSE),"") | G5: =IFERROR(VLOOKUP(B5,Unidades!A:G,4,FALSE),"") | H5: =Inspecciones!D5 | I5: =Inspecciones!E5 | J5: =Inspecciones!F5 | K5: =Inspecciones!G5
A6: =Inspecciones!A6 | B6: =Inspecciones!B6 | C6: =IFERROR(VLOOKUP(B6,Unidades!A:G,5,FALSE),"") | D6: =IFERROR(VLOOKUP(B6,Unidades!A:G,6,FALSE),"") | E6: =IFERROR(VLOOKUP(B6,Unidades!A:G,7,FALSE),"") | F6: =IFERROR(VLOOKUP(B6,Unidades!A:G,2,FALSE),"") | G6: =IFERROR(VLOOKUP(B6,Unidades!A:G,4,FALSE),"") | H6: =Inspecciones!D6 | I6: =Inspecciones!E6 | J6: =Inspecciones!F6 | K6: =Inspecciones!G6
A7: =Inspecciones!A7 | B7: =Inspecciones!B7 | C7: =IFERROR(VLOOKUP(B7,Unidades!A:G,5,FALSE),"") | D7: =IFERROR(VLOOKUP(B7,Unidades!A:G,6,FALSE),"") | E7: =IFERROR(VLOOKUP(B7,Unidades!A:G,7,FALSE),"") | F7: =IFERROR(VLOOKUP(B7,Unidades!A:G,2,FALSE),"") | G7: =IFERROR(VLOOKUP(B7,Unidades!A:G,4,FALSE),"") | H7: =Inspecciones!D7 | I7: =Inspecciones!E7 | J7: =Inspecciones!F7 | K7: =Inspecciones!G7
A8: =Inspecciones!A8 | B8: =Inspecciones!B8 | C8: =IFERROR(VLOOKUP(B8,Unidades!A:G,5,FALSE),"") | D8: =IFERROR(VLOOKUP(B8,Unidades!A:G,6,FALSE),"") | E8: =IFERROR(VLOOKUP(B8,Unidades!A:G,7,FALSE),"") | F8: =IFERROR(VLOOKUP(B8,Unidades!A:G,2,FALSE),"") | G8: =IFERROR(VLOOKUP(B8,Unidades!A:G,4,FALSE),"") | H8: =Inspecciones!D8 | I8: =Inspecciones!E8 | J8: =Inspecciones!F8 | K8: =Inspecciones!G8
A9: =Inspecciones!A9 | B9: =Inspecciones!B9 | C9: =IFERROR(VLOOKUP(B9,Unidades!A:G,5,FALSE),"") | D9: =IFERROR(VLOOKUP(B9,Unidades!A:G,6,FALSE),"") | E9: =IFERROR(VLOOKUP(B9,Unidades!A:G,7,FALSE),"") | F9: =IFERROR(VLOOKUP(B9,Unidades!A:G,2,FALSE),"") | G9: =IFERROR(VLOOKUP(B9,Unidades!A:G,4,FALSE),"") | H9: =Inspecciones!D9 | I9: =Inspecciones!E9 | J9: =Inspecciones!F9 | K9: =Inspecciones!G9
A10: =Inspecciones!A10 | B10: =Inspecciones!B10 | C10: =IFERROR(VLOOKUP(B10,Unidades!A:G,5,FALSE),"") | D10: =IFERROR(VLOOKUP(B10,Unidades!A:G,6,FALSE),"") | E10: =IFERROR(VLOOKUP(B10,Unidades!A:G,7,FALSE),"") | F10: =IFERROR(VLOOKUP(B10,Unidades!A:G,2,FALSE),"") | G10: =IFERROR(VLOOKUP(B10,Unidades!A:G,4,FALSE),"") | H10: =Inspecciones!D10 | I10: =Inspecciones!E10 | J10: =Inspecciones!F10 | K10: =Inspecciones!G10
A11: =Inspecciones!A11 | B11: =Inspecciones!B11 | C11: =IFERROR(VLOOKUP(B11,Unidades!A:G,5,FALSE),"") | D11: =IFERROR(VLOOKUP(B11,Unidades!A:G,6,FALSE),"") | E11: =IFERROR(VLOOKUP(B11,Unidades!A:G,7,FALSE),"") | F11: =IFERROR(VLOOKUP(B11,Unidades!A:G,2,FALSE),"") | G11: =IFERROR(VLOOKUP(B11,Unidades!A:G,4,FALSE),"") | H11: =Inspecciones!D11 | I11: =Inspecciones!E11 | J11: =Inspecciones!F11 | K11: =Inspecciones!G11
A12: =Inspecciones!A12 | B12: =Inspecciones!B12 | C12: =IFERROR(VLOOKUP(B12,Unidades!A:G,5,FALSE),"") | D12: =IFERROR(VLOOKUP(B12,Unidades!A:G,6,FALSE),"") | E12: =IFERROR(VLOOKUP(B12,Unidades!A:G,7,FALSE),"") | F12: =IFERROR(VLOOKUP(B12,Unidades!A:G,2,FALSE),"") | G12: =IFERROR(VLOOKUP(B12,Unidades!A:G,4,FALSE),"") | H12: =Inspecciones!D12 | I12: =Inspecciones!E12 | J12: =Inspecciones!F12 | K12: =Inspecciones!G12
A13: =Inspecciones!A13 | B13: =Inspecciones!B13 | C13: =IFERROR(VLOOKUP(B13,Unidades!A:G,5,FALSE),"") | D13: =IFERROR(VLOOKUP(B13,Unidades!A:G,6,FALSE),"") | E13: =IFERROR(VLOOKUP(B13,Unidades!A:G,7,FALSE),"") | F13: =IFERROR(VLOOKUP(B13,Unidades!A:G,2,FALSE),"") | G13: =IFERROR(VLOOKUP(B13,Unidades!A:G,4,FALSE),"") | H13: =Inspecciones!D13 | I13: =Inspecciones!E13 | J13: =Inspecciones!F13 | K13: =Inspecciones!G13
... A244: =Inspecciones!A244 | B244: =Inspecciones!B244 | C244: =IFERROR(VLOOKUP(B244,Unidades!A:G,5,FALSE),"") | D244: =IFERROR(VLOOKUP(B244,Unidades!A:G,6,FALSE),"") | E244: =IFERROR(VLOOKUP(B244,Unidades!A:G,7,FALSE),"") | F244: =IFERROR(VLOOKUP(B244,Unidades!A:G,2,FALSE),"") | G244: =IFERROR(VLOOKUP(B244,Unidades!A:G,4,FALSE),"") | H244: =Inspecciones!D244 | I244: =Inspecciones!E244 | J244: =Inspecciones!F244 | K244: =Inspecciones!G244

Sheet Resumen por parte
A1: Parte del vehículo | B1: Cantidad de daños | C1: % del total | E1: Tipo de daño | F1: Cantidad
A2: Paragolpe delantero | B2: 14 | C2: =B2/SUM($B$2:$B$31) | E2: Fallo de pintura | F2: 28
A3: Espejo exterior derecho | B3: 13 | C3: =B3/SUM($B$2:$B$32) | E3: Filo de panel | F3: 27
A4: Guardabarro delantero derecho | B4: 12 | C4: =B4/SUM($B$2:$B$33) | E4: Cortado | F4: 27
A5: Parabrisas delantero | B5: 11 | C5: =B5/SUM($B$2:$B$34) | E5: Roto | F5: 26
A6: Guardabarro delantero izquierdo | B6: 10 | C6: =B6/SUM($B$2:$B$35) | E6: Abollado | F6: 25
A7: Zócalo lateral derecho | B7: 10 | C7: =B7/SUM($B$2:$B$36) | E7: Mellado | F7: 24
A8: Optica trasera izquierda | B8: 10 | C8: =B8/SUM($B$2:$B$37) | E8: Rayado | F8: 23
A9: Guardabarro trasero derecho | B9: 10 | C9: =B9/SUM($B$2:$B$38) | E9: Faltante | F9: 22
A10: Puerta delantera derecha | B10: 10 | C10: =B10/SUM($B$2:$B$39) | E10: Doblado | F10: 22
A11: Puerta trasera derecha | B11: 9 | C11: =B11/SUM($B$2:$B$40) | E11: Desprendido | F11: 19
A12: Puerta trasera izquierda | B12: 9 | C12: =B12/SUM($B$2:$B$41)
A13: Puerta delantera izquierda | B13: 9 | C13: =B13/SUM($B$2:$B$42)
A14: Paragolpe trasero | B14: 9 | C14: =B14/SUM($B$2:$B$43)
A15: Techo | B15: 9 | C15: =B15/SUM($B$2:$B$44)
A16: Capot | B16: 9 | C16: =B16/SUM($B$2:$B$45)
A17: Pilar delantero izquierdo | B17: 8 | C17: =B17/SUM($B$2:$B$46)
A18: Llantas | B18: 8 | C18: =B18/SUM($B$2:$B$47)
A19: Estribo lateral derecho | B19: 8 | C19: =B19/SUM($B$2:$B$48)
A20: Guardabarro trasero izquierdo | B20: 8 | C20: =B20/SUM($B$2:$B$49)
A21: Pilar trasero derecho | B21: 7 | C21: =B21/SUM($B$2:$B$50)
A22: Interior caja pick-up (Hilux) | B22: 7 | C22: =B22/SUM($B$2:$B$51)
A23: Parrilla | B23: 6 | C23: =B23/SUM($B$2:$B$52)
A24: Zócalo lateral izquierdo | B24: 6 | C24: =B24/SUM($B$2:$B$53)
A25: Optica trasera derecha | B25: 5 | C25: =B25/SUM($B$2:$B$54)
A26: Pilar delantero derecho | B26: 5 | C26: =B26/SUM($B$2:$B$55)
A27: Optica delantera derecha | B27: 5 | C27: =B27/SUM($B$2:$B$56)
A28: Espejo exterior izquierdo | B28: 4 | C28: =B28/SUM($B$2:$B$57)
A29: Pilar trasero izquierdo | B29: 4 | C29: =B29/SUM($B$2:$B$58)
A30: Estribo lateral izquierdo | B30: 4 | C30: =B30/SUM($B$2:$B$59)
A31: Optica delantera izquierda | B31: 4 | C31: =B31/SUM($B$2:$B$60)
